登记时间,功能分类,todo类型,功能点,人工确认是否解决,AI确认是否解决,是否解决过,优先级,AI是否尝试解决过,问题摘要,触发条件,影响范围,解决时间,备注
2026/7/20,标签操作,bug,标签关闭,1,,是,,是,点击标签关闭按钮时偶发无法关闭，多点几次后又可以关闭,在垂直标签栏点击单个标签的关闭按钮,影响单个标签关闭的稳定性,2026/7/20,改为使用稳定标签标识解析当前真实标签，避免快照过期导致关闭目标失效
2026/7/20,标签操作,bug,批量关闭菜单,1,,是,,是,使用关闭其它标签或关闭下侧标签时偶发无法关闭，且点击后右键菜单不消失,在垂直标签栏右键菜单点击关闭其它标签或关闭下侧标签,影响批量关闭操作和菜单交互反馈,2026/7/22,始终按稳定标签标识解析关闭目标；批量关闭失败时仅逐项重试无需确认的已保存标签，避免重复弹出未保存确认；菜单点击后立即收起
2026/7/20,布局与窗口,bug,垂直标签栏开关/锁定组,1,,是,,是,关闭垂直标签页、打开垂直标签页时，锁定组功能除锁定垂直标签页外还会锁定一个空的标签组,关闭或重新打开编辑器区域垂直标签栏,影响后续普通编辑器打开位置和编辑器组布局,2026/7/20,锁定前显式聚焦垂直标签栏所在编辑器组，避免锁定命令作用到右侧空组
2026/7/20,标签操作,bug,标签切换,1,,是,,是,欢迎、设置等非文本编辑器标签无法通过点击垂直标签切换到已有标签,打开 VS Code 欢迎页、Getting Started、设置页、终端或其它 Webview 标签后点击垂直标签项,影响非文本编辑器标签的导航，可能重复打开内置页或完全无法跳转,2026/7/20,先通过 VS Code 内置编辑器导航命令按目标组和索引选择已有标签，并校验激活组、标签索引和稳定标识；公开 API 可打开的标签仍保留可靠打开兜底，内置欢迎页和设置页保留最后命令兜底
2026/7/20,布局与窗口,bug,标签同步,1,是,是,,是,垂直标签栏卡住并一直显示“正在同步打开的标签…”,打开或恢复垂直标签栏时同步打开标签列表,导致垂直标签栏无法完成加载并影响标签导航,2026/7/20,在既有刷新兜底基础上，将 Webview 脚本内联到 HTML 以绕过本地脚本资源加载失败；增加 renderAck 渲染确认，宿主未收到确认时重发快照，并记录确认超时日志
2026/7/20,标签操作,bug,标签切换,1,,是,3,是,鼠标左键点击标签时偶发无法自动切换标签,在垂直标签栏左键点击标签项且鼠标按下到抬起间可能产生轻微移动,影响标签切换稳定性,2026/7/22,鼠标主键在 pointerdown 阶段立即且仅发送一次激活请求，轻微移动即使进入拖拽也不会吞掉激活；键盘 click 仍单独支持
2026/7/20,显示与视觉,bug,标签显示,1,,是,,是,标签悬停提示只显示文件名且同名标签会额外显示父目录,鼠标悬停在文件标签或同时打开两个同名文件标签,影响标签路径识别和标签列表简洁性,2026/7/20,悬停提示改为文件系统全路径；同名标签不再生成父目录描述
2026/7/20,分组管理,bug,手工分组,1,,是,,是,手工分组时未分组文件被包在“未分组”组内，分组头部直接显示重命名按钮，分组删除按钮与标签关闭按钮样式和横向位置不一致,切换到手工分组并同时存在未分组标签和手动分组，查看分组头部操作,影响手工分组树层级、分组操作入口和关闭按钮视觉一致性,2026/7/20,未分组标签改为树根一级无标题显示；重命名移至分组右键菜单；分组删除改为与标签关闭一致的 × 图标和右侧按钮列
2026/7/20,布局与窗口,bug,垂直标签栏开关/编辑器组恢复,1,,是,,是,垂直标签页已关闭且编辑器区域无标签时快速点击侧边栏的显示垂直标签页和打开垂直标签页可能生成两个编辑器组：一个空组和一个仅含欢迎界面的组,垂直标签页关闭且编辑器区域没有任何普通标签时快速连续触发侧边栏中的显示垂直标签页和打开垂直标签页,影响编辑器组布局恢复稳定性并留下多余空编辑器组,2026/7/20,将 rail 创建和空标签欢迎页恢复纳入同一布局互斥流程，复用已有空组并清理多余空组
2026/7/20,显示与视觉,bug,窗口恢复/样式渲染,1,,是,,是,打开文件较多时关闭 VS Code 后重新打开，VS Code 恢复之前打开的文件但垂直标签页样式没有渲染且界面显示异常,打开大量文件后关闭 VS Code，再重新启动 VS Code 并等待其恢复上次编辑器状态,影响启动恢复后的垂直标签栏可读性和视觉可用性,2026/7/20,将 Webview CSS 内联进带 nonce 的 style 标签，保留严格 CSP，并在读取失败时使用最小可读降级样式
2026/7/20,布局与窗口,bug,垂直标签栏宽度/编辑器组布局,1,,是,3,是,垂直标签页宽度手动调到可调最小值后触发布局动作可能导致垂直标签组宽度变为允许最大值且右侧标签组被压到最小宽度；实际现象为垂直标签栏先变最小随后又自动变最大，右侧即使有多个标签组也会全部被压到最小宽度,场景一：将垂直标签页所在编辑器组宽度手动调节到可调最小值后点击垂直标签项切换标签；场景二：将垂直标签页宽度手动调节到可调最小值后关闭垂直标签页再重新打开垂直标签页,影响编辑器组宽度保持和右侧所有编辑器组可用空间,2026/7/22,源码确认 VS Code 1.129.1 会在激活宽度恰好为 220px 的 minimized 编辑器组时执行 GroupsArrangement.EXPAND；恢复启动、空标签和配置变更时的自动宽度布局写入，并按包含 Vertical Tabs Webview 的真实 TabGroup.viewColumn 映射布局叶节点；ResizeObserver、活动组变化及聚焦前均会检查插件所属组，若其真实宽度为 220px 则调整为 222px，并仅从同一水平父节点下最宽的兄弟组扣除 2px，避免误改其它 220px 普通组
2026/7/20,排序功能,bug,标签排序/固定项,1,,是,,是,不管任何排序方式，固定项没有优先排在本组最前面，多个固定项之间也没有按当前规则排序,在垂直标签栏存在固定标签并切换任意排序方式或不排序时,影响固定标签的优先展示和组内导航预期,2026/7/20,排序函数改为先按固定状态分区，固定项和非固定项各自按当前排序规则稳定排序；不排序时固定项保持原相对顺序并置顶
2026/7/20,排序功能,bug,标签排序/跟随 VS Code,1,,是,,是,分组跟随 VS Code 时垂直标签排序后，VS Code 原生横向标签页顺序没有同步,在“跟随 VS Code”分组模式下切换排序方式或固定状态导致垂直标签顺序变化,影响垂直标签栏与原生标签栏顺序一致性,2026/7/20,跟随 VS Code 模式下排序或固定状态变化后，按垂直标签快照逐组执行 VS Code 组内移动命令同步横向标签顺序
2026/7/20,标签操作,bug,标签拖拽,1,,是,,是,标签页拖拽偶尔可以生效但大多数时候无法拖拽,在垂直标签栏尝试拖拽标签页进行排序或移动,影响标签整理效率和拖拽交互可用性,2026/7/20,新增独立拖拽手柄和 drag requestId 日志；跟随 VS Code 模式下拖拽排序改为按稳定标识循环执行左右移动直到到达投放位置
2026/7/20,排序功能,bug,标签排序/激活状态,1,,是,,是,当前激活标签为 A 时执行排序后可能变为激活其它标签页,在垂直标签栏中已有激活标签并切换排序方式或触发排序同步,影响排序操作后当前编辑上下文保持，可能打断用户正在查看或编辑的文件,2026/7/20,排序同步 VS Code 原生标签顺序前记录原活动用户标签稳定标识，同步完成后按标识恢复原活动标签
2026/7/20,右键菜单,bug,手工分组/右键菜单,1,,是,,是,其它分组方式下右键菜单仍可点击新建分组并隐式切换到手动分组,在跟随 VS Code、父目录或文件类型分组模式下打开右键菜单,影响分组模式边界和用户对当前分组方式的预期,2026/7/20,右键菜单在非手动分组模式置灰新建分组按钮，宿主也拒绝非手动模式的 createGroup 消息
2026/7/20,分组管理,bug,手工分组/新建分组,1,,是,,是,手动分组模式下通过右键菜单选择新建分组无法新建,切换到手动分组后在右键菜单点击新建分组并输入名称,影响手动整理标签的基础流程,2026/7/21,新建分组按钮按当前快照的手动分组模式启用；按钮改为向宿主发起创建请求，由 VS Code 原生输入框收集分组名并创建刷新，避免 Webview prompt 未弹出时看似无反应
2026/7/20,分组管理,bug,手工分组/移动分组,1,,是,,是,右键标签时移动到分组的选项平铺在右键菜单中而不是通过“移动分组”悬停列表选择,手动分组模式下右键任意标签并查看移动分组入口,影响右键菜单简洁性和分组选择效率,2026/7/20,将多个移至分组按钮收束为“移动分组”子菜单，悬停或键盘聚焦时展开分组列表
2026/7/20,标签操作,bug,标签切换/激活样式,1,,是,3,是,点击标签页后实际标签已切换但垂直标签页背景色有时没有更新为激活样式,在垂直标签栏点击标签切换，VS Code 已激活目标标签但 Webview 未及时收到或渲染激活状态变化,影响当前标签识别和切换反馈,2026/7/22,pointerdown 后先在 Webview 内只更新一次激活行，再发送带 requestId 的激活请求；宿主不再循环经过中间标签，最终快照同步真实状态
2026/7/20,右键菜单,bug,手工分组/右键菜单,1,,是,,是,手动分组模式右键菜单中的“移动分组”文案不符合预期,手动分组模式下右键标签并查看分组移动子菜单入口,影响菜单文案一致性,2026/7/20,将入口文案改为“移至分组”
2026/7/20,右键菜单,bug,跟随 VS Code/右键菜单,1,,是,,是,跟随 VS Code 模式右键菜单提供“移至新组”且缺少“移至分组”，移动后垂直标签分组与横向标签组无法通过该入口同步,跟随 VS Code 分组模式下右键标签并移动标签到其它分组,影响跟随 VS Code 模式下垂直标签与横向标签分组一致性,2026/7/20,移除“移至新组”，新增“移至分组”子菜单；选择目标 VS Code 编辑器组后调用原生移动命令移动真实横向标签并刷新垂直快照
2026/7/21,标签操作,bug,标签拖拽/手动分组,1,,是,,是,拖拽两个标签重叠时会新建分组，不符合当前拖拽只移动位置的预期,手动分组模式下将一个标签拖放到另一个标签中部区域,可能误建手动分组并改变标签组织结构,2026/7/21,移除 Webview 中部投放创建分组分支；拖放到标签时始终发送排序/移动请求
2026/7/21,标签操作,bug,标签拖拽,1,,是,,是,只能通过独立拖拽手柄拖拽标签，整行标签无法作为拖拽区域,在垂直标签栏拖拽标签主体区域而不是左侧手柄,影响拖拽操作效率并与整行拖拽预期不一致,2026/7/21,去掉独立拖拽手柄，将整行 tab-row 恢复为 draggable 并保留拖拽日志 requestId
2026/7/21,分组管理,功能点,分组/排序工具栏,1,,是,,是,全部展开、全部折叠改为图标按钮；分组方式、排序方式改为界面上的两个下拉框，并在下拉框上方显示功能文字,查看垂直标签栏顶部操作区,影响分组展开折叠、分组方式和排序方式的入口可见性与布局,2026/7/22,顶部改为带辅助标签的分组方式和排序方式双下拉框；全部展开和全部折叠改为带 title 与 aria-label 的图标按钮
2026/7/21,右键菜单,功能点,右键菜单,1,,是,,是,右键菜单先屏蔽分组方式、排序方式、移至分组三个按钮，不显示,在垂直标签栏空白处、分组或标签上打开右键菜单,影响右键菜单信息架构和可用操作范围,2026/7/22,已移除右键菜单中的分组方式、排序方式和移至分组子菜单；保留重命名、新建分组、固定、关闭及相邻编辑器组移动操作
2026/7/21,标签操作,bug,标签切换/激活样式,1,,是,,是,点击一个标签页后，代码中可能多次改变标签页背景色，应改为只在点击后、其它操作前改变一次背景色,在垂直标签栏点击标签页并触发激活、切换或刷新流程,影响当前标签高亮反馈稳定性，可能产生重复样式更新或闪烁,2026/7/22,激活入口统一为 requestActivation；鼠标只在 pointerdown 调用一次，后续 mouse click 不重复调用，键盘生成的 detail=0 click 才单独调用；宿主移除 nextEditorInGroup 循环切换
2026/7/22,配置项,功能点,配置项,1,,是,,是,新增自动记忆开关、标签页宽度百分比、默认分组方式和默认排序方式配置；关闭自动记忆后所有状态必须使用配置默认值且不得继续读写持久状态,切换 verticalTabs.rememberState 后重新打开或继续操作垂直标签栏,影响扩展配置以及分组、排序、宽度和分组偏好的恢复行为,2026/7/22,自动记忆关闭时忽略并停止写入宿主及 Webview 持久状态，实时恢复配置默认值；默认宽度 20%、跟随 VS Code 分组、不排序
2026/7/22,标签操作,功能点,标签/分组关闭,1,,是,,是,标签和任意分组类型的右键菜单都需要“关闭”；所有可见分组头右侧始终显示 x；分组关闭需关闭组内全部标签并删除对应分组，手工分组不得只删除分组后移动标签,右键标签或任意分组、点击任意分组头右侧 x,影响单标签关闭、分组批量关闭和手工分组删除语义,2026/7/22,已合并原“标签右键关闭”重复记录；VS Code、手工、父目录和文件类型分组均由统一关闭链路处理，手工分组同时删除定义
2026/7/22,显示与视觉,功能点,标签显示,1,,是,,是,标签右侧关闭按钮需要始终显示,标签未悬停且未激活时查看垂直标签栏,影响关闭操作可发现性,2026/7/22,标签操作列固定 opacity 1，普通、悬停、激活和多选标签均保留关闭按钮
2026/7/22,右键菜单,功能点,右键菜单,1,,是,,是,右键菜单关闭下侧标签和关闭其他标签文案需要简化,右键打开单选或多选标签菜单,影响菜单文案一致性,2026/7/22,单选和多选菜单统一使用“关闭下侧”和“关闭其它”
2026/7/22,分组管理,功能点,分组固定,1,,是,,是,分组需要支持固定和取消固定、固定后置顶并显示固定图标；跟随 VS Code 分组模式下固定按钮置灰且宿主拒绝非法固定消息,右键各类分组并切换固定状态或伪造 Webview 固定消息,影响分组导航顺序、状态反馈和消息边界,2026/7/22,手工、父目录和文件类型分组支持固定、取消、置顶和固定图标；跟随 VS Code 模式前后端双重禁用
2026/7/22,标签操作,功能点,多选标签,1,,是,,是,按 Windows 文件管理器逻辑实现 Shift 连选和 Ctrl/Cmd 切换；关闭、关闭其它、关闭下侧、关闭按钮、移动/拖拽、固定/取消固定必须作用于真实选中集合并支持跨组语义,在多个分组中多选标签后执行右键菜单、拖拽、关闭按钮和固定操作,影响批量标签整理效率和数据安全,2026/7/22,新增独立选择状态机和跨组行为测试；拖拽保留选中块并支持跨 VS Code 编辑器组移动，批量关闭和固定均传递完整选中目标
2026/7/22,标签操作,bug,标签拖拽/跟随 VS Code,1,,是,,,,在“跟随 VS Code”分组模式下多选标签并拖拽到其它编辑器组,影响编辑器分组稳定性和多选移动可用性,2026/7/22,用户复测确认上一版固定目标组的修复不足；现改用现有组绝对位置执行跨组移动，并校验移动前后编辑器组数量与最终目标组，不再调用会在边界创建新组的 previous/next 路径
2026/7/22,显示与视觉,功能点,,1,,是,,,,单击标签激活并单选、使用 Shift 或 Ctrl/Cmd 多选，或同时打开多个 VS Code 编辑器组,影响多选状态、各编辑器组当前显示标签和光标所在标签的视觉辨识,2026/7/22,快照新增焦点激活状态；选择样式使用浅色，编辑器组内活动标签使用深色且覆盖选择色，焦点标签使用主题活动标签色在顶部绘制 1px 细线
2026/7/22,标签操作,bug,标签多选/视觉反馈,1,,是,,是,多选标签拖拽到其它 VS Code 编辑器组时，选中的每个标签可能各自独占一个新编辑器组,先在多选集合中的标签上开始拖拽且未产生 click，随后使用 Ctrl/Cmd 点击标签取消选择,影响多选集合调整，标签会在取消后被随后的 click 再次选中,2026/7/22,每次新的左键 pointerdown 都先清除上一次手势遗留的多选保留标记，再根据本次按键和当前选择状态决定是否保留多选
2026/7/22,标签操作,bug,标签多选/单击收拢,1,,是,,是,已多选多个标签后不按 Ctrl 或 Shift 直接点击其中一个已选但未激活的标签时，偶发仍会维持原多选状态，目标标签不会激活且背景色不更新,多选多个标签后直接单击其中一个已选但未激活的标签；鼠标轻微位移触发并取消浏览器原生拖拽时更易出现,影响从多选恢复单选、标签激活和背景状态反馈；其它编辑器组正在显示但未聚焦的标签仍需保留显示状态,2026/7/22,用户复测确认上一版 click 和 pointerup 兜底仍会漏掉原生拖拽取消序列；现对保留多选的按下手势设置 pointer capture，并在未投放拖拽结束时按普通点击收拢为单选且只发送一次激活请求，真正完成投放时仍保留多选拖拽
2026/7/22,配置项,bug,配置项/自动记忆,1,,否,,否,已声明的 verticalTabs.rememberState 配置项无法在 VS Code 设置中搜索到,安装或更新扩展后在 VS Code 设置界面搜索自动记忆或 verticalTabs.rememberState,影响用户配置自动记忆分组方式、排序方式和宽度,,待确认运行中的扩展版本与重载状态；当前工程 package.json 已声明该配置项
2026/7/22,配置项,功能点,配置项,1,,是,1,是,VS Code 设置中同时存在两个配置插件宽度的配置项需要移除多余旧项,查看扩展配置项时发现 defaultRailWidthRatio 和 tabWidthRatio 都用于宽度描述,影响用户理解应使用哪个宽度配置项,2026/7/22,移除兼容旧版本的 verticalTabs.defaultRailWidthRatio 配置声明和代码 fallback 并统一文档与测试为 verticalTabs.tabWidthRatio
2026/7/22,分组管理,功能点,跟随 VS Code 分组,1,,是,,是,跟随 VS Code 模式下只有插件所在编辑器组和一个用户编辑器组时，不显示“编辑器组2”等分组头，直接在树第一级显示该用户组全部标签,垂直标签栏与单个用户编辑器组并排，共计两个 VS Code 编辑器组,减少单用户组场景下的冗余层级和误导性组标题,2026/7/22,在快照构建时识别“插件专属组 + 单用户组”并隐藏唯一用户 VS Code 分组头，保留原始目标组索引用于切换和移动
2026/7/22,标签操作,bug,标签拖拽/自动分组,1,,是,,是,父目录和文件类型分组下无法拖拽；手工排序时无法在这些分组内调整标签位置,按父目录或文件类型分组后拖拽标签；尤其是排序方式设为“手工排序”,影响自动分组下的文件整理和标签排序效率,2026/7/22,父目录分组支持跨分组拖拽并将已保存文件移动到目标目录；所有手工排序模式支持组内标签拖拽排序，文件类型分组不允许跨类型拖放以避免隐式改扩展名
2026/7/22,标签操作,bug,标签拖拽/父目录覆盖,1,,是,,是,父目录分组跨组拖拽时目标目录存在同名文件会移动失败，无法选择覆盖并同步替换相关标签,将已保存文件拖入包含同名文件的其它父目录分组,影响父目录分组下同名文件整理和标签状态一致性,2026/7/22,检测目标同名文件后弹出原生模态覆盖确认；确认后关闭目标文件相关标签、覆盖移动文件、在原标签位置打开移动后的资源并清理旧路径标签；取消或目标标签未能关闭时不移动文件
2026/7/22,侧边栏,功能点,侧边栏启动器,1,,是,,是,侧边栏开关按钮上方不应显示“垂直标签栏当前已显示”等说明文字,打开活动栏 Vertical Tabs 启动器并查看显示/关闭按钮,减少侧边栏启动器冗余文案,2026/7/22,移除 viewsWelcome 中显示和关闭状态下按钮上方的说明文字，仅保留操作按钮
2026/7/22,标签操作,bug,标签拖拽/跟随 VS Code,1,,是,,是,跟随 VS Code 模式下将标签移动到“编辑器组1”时可能误移入垂直标签栏所在编辑器组，错误假定垂直栏组一定是编辑器组1,垂直标签栏所在组在 tabGroups.all 中的数组位置与目标用户组的原生 viewColumn 不一致时，将其它标签拖入“编辑器组1”,影响跨编辑器组移动的目标准确性，并可能把普通标签移入垂直标签栏锁定组,2026/7/22,跨组移动不再把 tabGroups.all 数组下标加一作为原生目标位置，改用已解析目标组自身的 viewColumn，并增加回归断言禁止恢复旧换算
2026/7/22,标签操作,功能点,标签拖拽/跟手反馈,1,,是,,是,将标签拖拽到指定位置后实际移动位置可能与投放位置不一致，有时会被移动到列表最后,从标签顶部、中部或底部任意位置按住并拖动标签,影响拖拽过程的连续性和位置感知，固定热点会导致标签在拖起瞬间跳动,2026/7/22,记录鼠标按下点相对标签行的坐标并作为原生拖拽影像热点，坐标限制在标签尺寸范围内且拖拽结束后清理
2026/7/22,标签操作,bug,标签拖拽/投放位置,1,,是,,是,,场景一：拖拽单个标签到指定标签位置；场景二：多选标签后将选中标签拖拽到指定位置且问题更明显,影响单个及批量标签排序的准确性和可预期性,2026/7/22,阻止标签行投放事件冒泡到分组投放区，避免同一次拖拽先按落点排序后又被追加到末尾；多选标签统一计算最终块顺序并按实际标签对象同步到 VS Code，保留选中项相对顺序
2026/7/22,排序功能,bug,排序方式/拖拽权限,1,,是,,是,排序方式的“不排序”文案需要改为“手工排序”，且非手工排序时拖拽权限没有按预期收紧,场景一：分组方式为手工分组或跟随 VS Code 且排序方式不是手工排序时，拖拽应只能改变分组，不能改变标签顺序；场景二：按父目录或文件类型分组时，标签应完全不可拖拽,影响不同排序模式下的拖拽限制与排序语义一致性,2026/7/22,将 none 排序文案统一为“手工排序”；集中定义拖拽权限矩阵并由 Webview 与扩展宿主共同执行，自动排序只允许跨组移动，自动分组禁用拖拽
2026/7/22,标签操作,功能点,标签拖拽/落点反馈,1,,是,,是,拖拽标签时在预期新位置的边界显示一条明亮细线，明确标签投放后的插入位置,在可手工排序的标签列表内拖拽单个或多个标签，或将标签拖入其它分组,影响拖拽落点的可感知性和排序结果的可预期性,2026/7/22,按指针所在标签的上半区或下半区计算插入到该项之前或之后；在对应边界显示 2px 高亮插入线，组尾投放显示在末项下方，并在离开、取消、投放或刷新时清除
2026/7/22,分组管理,bug,手工分组/移到一级,1,,是,,否,手工分组时如果所有文件都已经在各自分组下，就无法再把分组里的文件拖回树的一级,手工分组模式下所有文件都已经分配到分组后，尝试把某个分组里的文件拖到根层,影响手工整理时将标签重新提升到树一级的能力,2026/7/22,手工分组快照始终保留无标题的根层未分组投放区；当根层为空时 Webview 赋予最小可投放高度，允许将分组内标签拖回树一级
2026/7/22,分组管理,bug,手工分组/新标签继承组,1,,是,,否,手工分组时关闭一个文件再打开后，新标签仍会回到原先的分组，而不是跟随当前激活标签所在组,手工分组模式下关闭某个文件后重新打开该文件，且当前激活标签位于另一个组或根层,影响新打开标签的默认归属和当前工作上下文一致性,2026/7/22,关闭标签时清理旧 identity 的手动归属和排序记录；新打开标签按关闭/打开前记录的焦点标签分组归属插入，焦点标签在根层时新标签也落在根层
2026/7/22,标签操作,bug,标签拖拽/组高亮,1,,是,,是,拖拽时如果只是把标签移动到其它分组而未指定具体位置，当前会在分组底部显示一条线，高亮反馈不符合预期,拖拽标签进入其它分组但没有落到某个具体标签位置时,影响跨分组拖拽时的视觉落点理解,2026/7/22,分组级投放改为高亮目标分组；仅拖到具体标签前后时显示插入线
2026/7/22,排序功能,bug,手工排序/新标签位置,1,,是,,是,手工排序时新打开的标签有时不会出现在手工分组或根层文件列表的最下面,手工分组且排序方式为手工排序时打开新标签,影响新标签默认位置和手工整理顺序的可预期性,2026/7/22,新打开标签默认清除手工分组归属并追加到根层未分组顺序末尾；根层未分组列表始终显示在手工分组之前
2026/7/22,标签操作,bug,标签多选/激活失败,1,,否,,,多选时点击已选择但未激活的标签后偶发不会激活该标签且背景色等视觉反馈也未更新，单选时无此问题,已多选多个标签页后不按 Ctrl 或 Shift 直接点击其中一个已选但未激活的标签,影响标签激活和视觉反馈的稳定性,,与标签多选/单击收拢相关但不同：前者是多选状态未清除，本问题是多选已清除但标签未正确激活
2026/7/22,标签操作,bug,标签多选/单击收拢,,,否,,,已多选多个标签后不按 Ctrl 或 Shift 直接点击已选标签时偶发仍维持原来几个标签页的多选状态，大部分时间正常,多选状态下不按修饰键点击已选标签,影响多选收拢为单选的稳定性,,与既有标签多选/单击收拢现象相似但原因可能不同，单独登记以便追踪
2026/7/22,标签操作,bug,标签切换/显示闪烁,1,,否,1,,切换标签时显示会切换几次，出现闪烁,点击标签进行切换时,影响标签切换的视觉流畅度,,现象与既有的多次改变背景色条目相似但原因可能不同，单独登记
2026/7/22,标签操作,bug,标签关闭/关闭按钮失效,1,,否,3,,关闭按钮有时候无法关闭标签,点击标签右侧关闭按钮时,影响单个标签关闭的稳定性,,现象与既有的关闭按钮偶发无法关闭条目相似但原因可能不同，单独登记
2026/7/22,排序功能,功能点,分组/排序功能,1,,否,1,,排序功能应对标签组也能排序，当前只能对标签排序,使用排序功能时,影响分组整理效率,,
2026/7/23,标签操作,bug,标签关闭,1,,是,3,是,关闭其它/关闭下侧为组内操作而关闭全部/关闭已保存为全局操作导致范围不一致,在垂直标签栏右键菜单点击关闭全部或关闭已保存,关闭全部和关闭已保存会关闭所有编辑器组的标签与关闭其它/关闭下侧仅关组内标签的行为不一致,2026/7/23,已修改 selectCloseTargets 使 closeAll/closeSaved 跟随 focus/active tab 限定在当前组内
2026/7/24,布局与窗口,bug,创建垂直标签栏/编辑组宽度,是,是,是,1,是,显示或隐藏垂直标签栏后原有其它编辑器组宽度被按比例改变；边缘组为 VS Code 实际最小宽度 220px 时，隐藏后重开会触发自动展开并出现两次宽度跳变,已有多个水平编辑器组且垂直栏目标边缘组处于或接近 220px 最小宽度时重新显示或点击隐藏垂直标签栏,破坏用户原有编辑器组布局；最小宽度组及非供给组应保持稳定,2026/7/25,日志确认第一次跳变由关闭活动栏组时 VS Code 自动展开 220px 用户组触发，第二次由插件应用失效的宽度贡献记录触发；0.22.10 在左右位置的 Show 和 Hide 前均将相邻 220px 组稳定调整至 223px，供给组保持在安全宽度以上；Hide 仅在当前用户布局仍匹配 Show 后快照时使用原始贡献记录，用户调整过宽度或结构后废弃旧记录并把栏宽交给当前最宽组；移除排查期间的高频诊断快照和临时宽度调整；单元及左右位置集成测试已覆盖；用户已于 2026/7/25 确认问题解决
2026/7/24,布局与窗口,bug,打开垂直标签栏/布局闪烁,1,,是,1,是,显示垂直标签页后到恢复目标宽度的等待较长且界面会明显闪烁,打开或重新显示垂直标签栏并等待专用编辑器组恢复布局,影响垂直标签栏打开时的视觉连续性和响应速度,2026/7/24,在创建 Webview 前验证新增空组位于最左且组数正确并预先恢复目标宽度；成功后跳过显示后的等待和重复布局写入；验证或预调整失败时保留 10ms 显示后恢复作为安全回退
2026/7/24,产品设计,功能点,参考 Obsidian 与 VS Code 垂直标签能力,,,否,,,系统梳理并互相参考 Obsidian 垂直标签与本扩展的分组和排序等能力,规划分组、排序及后续垂直标签功能时,提升功能完整性和两类编辑器之间的使用体验一致性,,对比两端已有能力并形成可实施的功能清单
2026/7/24,显示与视觉,功能点,标签相对路径,1,,是,,是,扩展标签路径显示配置，支持不显示、仅同名文件或始终显示目录名及相对仓库路径,切换 verticalTabs.relativePathDisplay 配置或同时打开同名文件,影响标签文件定位与同名文件辨识,2026/7/24,已实现五档配置；保留原有相对路径配置值，目录模式显示实际父目录名，工作区相对路径显示在标签名下方
2026/7/24,快捷键,功能点,标签导航与操作快捷键,,,否,,,为标签切换和移动提供可配置命令并区分本组级别与跨组级别且默认不绑定快捷键,通过键盘切换或移动垂直标签及标签组时,提升键盘操作效率并明确组内操作、跨组操作和快捷键冲突行为,,切换包括本组上一个和下一个以及跨组上一个和下一个；移动包括本组向上和向下以及移至上一个和下一个编辑器组；兼容单个标签和多选标签并保持多选相对顺序；保留关闭及显示垂直标签页等既有命令的可配置能力
2026/7/24,布局与显示,功能点,垂直标签栏位置,1,,是,1,是,支持配置垂直标签栏显示在编辑器区域最左侧或最右侧,修改 verticalTabs.position 设置,影响垂直标签栏创建、恢复、空状态布局、宽度记忆和焦点恢复,2026/7/24,新增 left/right 窗口级配置；切换即时生效，左右共用宽度记忆
2026/7/24,布局与窗口,功能点,工具区上下位置,1,,是,1,是,可配置搜索及分组操作图标、分组方式、排序方式和搜索框显示在垂直标签栏上方或下方,在 VS Code 设置中将 verticalTabs.toolbarPosition 切换为 top 或 bottom,影响工具区位置、标签列表滚动区域和操作入口可见性,2026/7/24,新增 toolbarPosition 设置；底部模式固定工具区并反转三个区域的纵向顺序
2026/7/24,显示与视觉,功能点,垂直标签页官方风格,1,,是,,是,垂直标签页使用 VS Code Seti 文件图标、Codicon 操作图标和原生标签/资源管理器风格布局,打开包含文本、Diff、Notebook、Custom Editor、终端和内置页面的垂直标签栏,影响标签类型辨识、状态展示、操作一致性和整体原生观感,2026/7/24,新增 Seti 图标解析器与 Codicon/Seti 本地字体资源；统一紧凑标签、分组、状态与高对比度样式
2026/7/24,标签显示,bug,固定图标布局,1,,是,,是,固定图标位于标签文字右侧且固定与未固定标签文字起点不一致,标签树同一级别同时显示固定和未固定标签,影响标签固定状态识别及同级标签文字对齐,2026/7/24,固定图标移至等宽左侧槽位；所有标签保留相同宽度以统一同级文字起点
2026/7/24,标签操作,bug,多选关闭/固定保护,1,,是,1,是,多选标签后执行关闭会同时关闭选区中的固定标签,多选包含固定和未固定标签后点击右键菜单关闭或标签行末尾关闭按钮,影响固定标签在批量关闭操作中的保护语义,2026/7/24,批量关闭目标筛选排除固定标签；单选关闭仍可关闭固定标签
2026/7/24,显示与视觉,功能点,标签未保存状态,1,,是,1,是,未保存标签在关闭按钮左侧显示状态圆点，已保存标签不显示状态,编辑文件产生未保存变化或保存文件时,影响标签保存状态辨识和关闭按钮附近布局,2026/7/24,将原文件名前圆点移至关闭按钮左侧，使用独立可访问状态元素并紧邻关闭按钮
2026/7/24,README,文档,使用经验与横向标签完整路径说明,0,,否,,,更新 README 并增加使用经验以及通过 workbench.editor.labelFormat 配置横向标签页完整绝对路径的说明,用户查阅扩展使用文档或希望在 VS Code 横向标签页辨识完整路径时,改善上手体验和路径显示配置的可发现性,,README.zh-CN.md 按项目规则只能由用户手工修改；后续再据此翻译其它语言版本
2026/7/24,测试与构建,功能点,集成测试窗口配置,0,,是,1,是,自动测试启动的 VS Code 窗口不得抢占前台焦点，并自动避开当前激活窗口所在显示器；仍可配置固定目标屏幕、相对位置和窗口大小,运行 npm run test:integration 或 npm run verify 以启动 Extension Host 集成测试时,避免测试窗口遮挡用户当前使用的显示器或中断正在进行的鼠标和键盘操作,2026/7/24,Windows 窗口管理器新增 auto 显示器选择：测试启动前识别前台窗口所在显示器，从其它可容纳测试窗口的显示器中选择工作区最大的目标；单显示器时安全回退，显式 DISPLAYn/primary 配置仍受支持，并持续应用不可激活策略
2026/7/24,显示与视觉,bug,标签组名称大小写,1,,是,,是,标签组名称被样式强制转换为全大写，未按名称的实际大小写显示,显示包含小写字母或大小写混合名称的标签组,影响标签组名称的准确辨识和用户自定义命名展示,2026/7/24,移除分组标题的全大写转换并增加样式回归测试
2026/7/24,配置项,功能点,标签路径显示策略,1,,否,,,将标签路径显示配置扩展为五档：不显示（默认）、仅同名文件时显示目录名、仅同名文件时显示相对仓库路径、始终显示目录名、始终显示相对仓库路径,修改 verticalTabs.relativePathDisplay 配置或同时打开同名文件时,影响文件辨识效果以及标签列表的信息密度,,替代现有三档路径显示策略的后续增强；需兼容或迁移旧配置值
2026/7/24,国际化,bug,插件功能统一 i18n 与文档按需翻译,1,,否,低,,插件内部现有或后续新增的用户可见功能必须自动接入 i18n 并覆盖仓库支持的全部界面语言,使用非中文界面操作插件或新增和修改任何用户可见功能时,影响 Webview、扩展宿主提示、命令、菜单、配置、输入框、按钮、警告、错误提示和无障碍标签等界面的多语言一致性,,功能改造必须在同一次变更中补齐全部支持语言；内部诊断日志单独评估；文档默认不进行 i18n 且只有用户明确手工要求时才翻译；README.zh-CN.md 仍只能由用户手工修改
2026/7/24,布局与窗口,bug,显示垂直标签栏/相邻最小宽度组自动展开,0,,否,,,垂直标签栏位于左侧或右侧时重新显示会把相邻普通编辑器组恢复到120px并触发 VS Code 将该组自动展开到最大宽度,存在垂直标签栏、编辑器组2和编辑器组3且相邻的编辑器组2为120px时隐藏垂直标签栏让编辑器组2变宽后再点击 Show,导致各编辑器组宽度被重新修改且相邻最小宽度组意外扩大并破坏显示前后的布局稳定性,,左右两种垂直标签栏位置都必须处理；创建垂直标签栏所在编辑器组之前先将相邻的120px普通编辑器组调整为121px；若 API 无法按像素设置则将该组宽度比例增加极小值后再创建垂直标签栏编辑器组；不得先恢复为120px后触发 VS Code 自动展开
2026/7/24,标签导航,功能点,自动定位活动标签,1,,是,1,是,切换文件或活动标签后自动展开其所属分组并将标签滚动到垂直标签栏可见区域，同时允许关闭始终跟随,当前聚焦编辑器或活动标签发生变化，或用户关闭始终跟随配置后手动浏览标签列表,影响大量标签场景下活动标签定位效率以及手动浏览位置的稳定性,2026/7/24,新增 verticalTabs.alwaysFollowActiveTab 配置；仅在聚焦标签位置真正变化或重新启用配置时自动展开和滚动，普通刷新不会重复打断浏览
2026/7/24,无障碍支持,功能点,标签列表与右键菜单键盘导航,0,,是,1,是,标签列表使用单一 Tab 停靠点并支持键盘导航；标签和分组右键菜单支持完整键盘操作及焦点恢复,焦点进入标签列表或通过菜单键和 Shift+F10 打开标签或分组菜单,影响键盘用户和屏幕阅读器用户的标签导航与菜单操作效率,2026/7/24,标签树使用 roving tabindex；方向键移动焦点且 Enter 激活；菜单支持上下键、Enter、空格和 Esc，Esc 后恢复原标签或分组焦点
2026/7/24,README,文档,官方标签快捷键替换说明,0,,否,,,在中文 README 最后说明如何使用本扩展命令替换 VS Code 官方标签切换和移动快捷键,用户希望沿用原有快捷键操作垂直标签或需要解决快捷键冲突时,改善快捷键功能的可发现性并降低迁移和配置成本,,README.zh-CN.md 只能由用户人工修改；内容需覆盖打开快捷键设置、搜索扩展命令、移除官方绑定、重新绑定、组内与跨组区别、Windows/Linux/macOS 示例和冲突处理
2026/7/24,搜索与过滤,功能点,搜索结果与标签过滤,1,,是,1,是,搜索结果高亮标签名称路径和分组名称并显示匹配数量；支持自动展开以及未保存固定当前编辑器组和文件类型组合过滤；支持正则模式和 Esc 清空恢复,输入普通或正则搜索内容并切换分组名称搜索和任意标签过滤条件,影响大量已打开标签的查找效率以及搜索前分组展开折叠状态恢复,2026/7/24,Webview 使用纯匹配状态计算结果且不改写搜索前折叠状态；无效正则显示本地化错误且不影响列表；当前组过滤记住最后聚焦的普通编辑器组
2026/7/24,搜索与过滤,功能点,搜索区单行化与工作区相对路径搜索开关,0,,是,,是,搜索功能只保留搜索框一行并在搜索框内部最右侧增加工作区相对路径搜索图标开关且默认关闭,使用垂直标签栏搜索标签或切换是否匹配文件相对于工作区的路径时,减少搜索区纵向占用并让路径搜索范围可明确控制,2026/7/24,已移除未保存、固定、当前编辑器组和文件类型筛选；新增默认关闭的工作区相对路径搜索按钮，开启后仅匹配工作区内文件的相对路径并显示高亮
2026/7/24,排序功能,功能点,标签排序/MRU,,,是,1,是,新增按标签最近一次成功激活时间排序的最近使用模式,切换排序方式为最近使用并在一个或多个编辑器组间激活标签,影响大量标签和多编辑器组场景下的最近工作上下文导航,2026/7/24,MRU 全局跟踪所有编辑器组；前台新标签立即参与排序，后台打开或恢复后未激活标签排在已有记录之后并保持原生顺序；不使用磁盘修改时间
2026/7/24,标签显示,功能点,标签内容可用宽度,,,是,1,是,减少标签两侧不必要空白并统一协调文件图标、固定槽位、名称、路径、未保存状态和关闭按钮间距,打开垂直标签栏并显示普通、固定、未保存或带路径的标签,影响窄栏中标签名称和路径的可见长度、标签对齐及操作点击区域,2026/7/24,使用统一布局变量压缩非文本占位；关闭按钮保持 22×22 点击区域，标签行高度不变
2026/7/24,工作集与会话,功能点,工作集保存加载与管理,,,是,,是,支持保存和加载当前工作上下文并可创建、覆盖、重命名和删除工作集,需要在不同任务上下文之间切换或稍后恢复当前标签集合时,提升多任务切换和编辑上下文恢复效率,2026/7/24,工作集包含打开标签、所属编辑器组、手动分组及归属、排序状态、固定状态和分组展开折叠状态；覆盖或删除前提供明确确认
2026/7/24,工作集与会话,功能点,工作集恢复报告与未保存保护,,,是,,是,加载工作集后报告无法恢复的项目且默认不关闭当前未保存标签,工作集包含已移动、已删除、无权限或无法重新打开的标签或当前存在未保存标签时,避免静默丢失编辑上下文并使恢复失败原因可见,2026/7/24,报告找不到、已移动且无法定位、已删除、无权限和无法打开的非文本标签；恢复可能关闭或覆盖当前上下文时提前提示并列出受影响的未保存标签
2026/7/24,标签状态,功能点,只读状态与统一状态布局,,,是,,是,显示只读与资源异常状态并统一预览、固定、未保存和不可跳转状态布局；移除前置文件图标并按悬停或焦点显示关闭按钮,标签状态或资源可用性发生变化以及鼠标悬停或键盘焦点进入标签时,提升切换前的资源状态辨识并统一文字左边缘、状态顺序与关闭操作布局,2026/7/24,按预览、固定、只读、未保存、资源异常、无法跳转顺序显示状态；父目录监听刷新删除、恢复和权限变化；不包含 Git 状态
2026/7/24,右键菜单,功能点,插件操作与 VS Code 原生操作分组,,,是,,是,右键菜单分为插件操作组和 VS Code 原生操作组并以分割线隔开且原生组默认开启并可配置关闭,在垂直标签上打开右键菜单时,扩展可用操作范围并复用 VS Code 原生标签能力且避免重复或范围含糊的关闭操作,2026/7/24,第一组保留固定、分组、批量操作等插件功能；第二组动态发现 VS Code 核心操作及已安装扩展注册到 editor/title/context 的命令和子菜单并调用原命令；屏蔽关闭当前、关闭其他、关闭右侧、关闭已保存、关闭全部和固定/取消固定；设置关闭后不请求第二组；使用一次性不透明操作 ID、防过期响应、目标重新解析与激活校验避免任意命令注入或误作用于其它标签
2026/7/24,标签导航与焦点,bug,标签切换与移动快捷键遵循垂直顺序,,,是,高,是,标签切换与移动快捷键错误使用 VS Code 横向编辑器组及标签顺序而不是垂直标签栏当前分组和文件顺序,切换垂直分组或排序方式后执行组内或跨组切换与移动命令,导致快捷键目标、分组范围和实际垂直显示不一致,2026/7/24,命令统一基于垂直标签快照计算锚点、相邻标签和相邻分组；组内移动持久化垂直顺序，跨组按当前分组模式执行；自动排序和文件类型跨组移动按规则阻止并提示
2026/7/24,标签关闭与固定保护,bug,关闭分组时保护固定标签,,,否,高,,关闭手动分组、自动分组或 VS Code 编辑器组时会把固定标签加入批量关闭目标或直接关闭仍含固定标签的原生编辑器组,对包含 isPinned 标签的任意分组执行关闭分组操作,可能违反固定标签保护语义并关闭用户明确保留的重要标签,,默认只关闭分组内未固定标签；仍有固定标签时保留分组及固定标签且不得直接关闭整个原生编辑器组；涉及 src/webview/VerticalTabsPanel.ts:1424
2026/7/24,标签关闭与固定保护,bug,取消关闭未保存标签时保留手动分组,,,否,高,,关闭手动分组时若用户取消关闭未保存标签仍可能删除原分组、标签归属、手动排序或分组固定状态,手动分组包含未保存标签且用户在关闭确认中取消或仅有部分标签成功关闭时,可能丢失尚未关闭标签的组织状态并破坏手动分组结构,,仅在确认相关标签成功关闭后删除对应手动分组；部分关闭时按实际剩余标签决定是否保留；取消时保留分组、归属、排序和固定状态；涉及 src/webview/VerticalTabsPanel.ts:1406 和 src/webview/VerticalTabsPanel.ts:1444
2026/7/24,标签关闭与固定保护,功能点,关闭标签后手动分组归属记忆配置,,,否,中,,新增 verticalTabs.rememberClosedTabManualGroup 配置以控制成功关闭文件后是否保留原手动分组归属且默认值为 false,在手动分组模式关闭文件后重新打开同一文件,允许用户在默认回到根层与恢复原手动分组之间选择并保持行为可预期,,配置关闭时沿用当前默认规则进入根层或默认位置；开启时成功关闭后保留归属并在重开时恢复；只影响成功关闭的文件；用户取消关闭未保存标签时无论配置值如何都必须保留当前分组和归属
2026/7/24,标签身份识别,bug,同组同名终端与 Webview 身份区分,,,否,高,,同一编辑器组内的同名终端、Webview 或未知类型标签可能因只使用名称或 viewType 与 label 而被错误解析为第一个同名标签,同一编辑器组内同时存在多个名称相同的终端、普通 Webview 或未知类型标签并执行激活、关闭、固定或拖拽时,可能操作错误标签并导致不可预测的标签状态变化,,优先使用稳定且可区分实例的标识；无法取得唯一标识时结合编辑器组、标签位置和快照版本安全解析；身份有歧义时不得默认选择第一个标签；涉及 src/tabs/TabSnapshot.ts:140 和 src/webview/VerticalTabsPanel.ts:2950
2026/7/24,标签激活与操作安全,bug,激活失败时阻止固定或移动操作,,,否,高,,目标标签未可靠激活时仍可能继续执行固定、取消固定、跨组移动或排序命令并错误作用于当前活动的其他标签,对第十个及之后的终端、普通 Webview、未知类型标签或其它无法可靠激活的标签执行依赖活动编辑器的操作时,可能固定、移动或重排错误标签并破坏用户编辑上下文,,激活方法必须返回明确成功或失败结果；仅在确认目标成为活动标签后继续后续命令；失败时停止并提示；涉及 src/webview/VerticalTabsPanel.ts:1161 和 src/webview/VerticalTabsPanel.ts:2114
2026/7/24,标签激活与操作安全,bug,激活异常后恢复自动刷新状态,,,否,中,,标签激活、编辑器打开或快照刷新异常时 suppressScheduledRefresh 可能永久保持为 true,处理标签激活请求期间任一步骤抛出异常,可能导致之后的打开、关闭、激活、修改和编辑器组变化不再刷新垂直标签栏,,通过 try/finally 恢复 suppressScheduledRefresh 并确保异常后事件仍可调度刷新；涉及 src/webview/VerticalTabsPanel.ts:1203
2026/7/24,手动分组状态持久化,bug,手动分组折叠状态持久化,,,否,中,,手动分组的展开折叠可能只保存在 Webview 本地状态而未通过 toggleGroup 消息交由扩展宿主持久化,折叠或展开手动分组后关闭并重新打开垂直标签栏、重载窗口或重新启动 VS Code,导致手动分组无法恢复用户上次的折叠状态,,Webview 继续维护即时渲染状态但必须发送既有 toggleGroup 消息；宿主更新并持久化 ManualTabGroup.collapsed；涉及 src/webview/main.ts:491 和 src/webview/VerticalTabsPanel.ts:1053
2026/7/24,显示与视觉,bug,标签与标签组悬停鼠标指针样式,0,,是,,是,鼠标停在标签或标签组上时指针样式会发生变化但应保持原有样式不变,将鼠标移动到垂直标签栏中的任意标签行或标签组区域时,影响界面指针反馈一致性并产生不必要的交互样式变化,2026/7/24,移除可拖拽标签行和分组头的 grab/grabbing 光标覆盖；标签间隙与分组头始终使用普通点击指针，拖拽功能保持不变
2026/7/24,显示与视觉,功能点,标签组背景区分,,,是,,是,标签组背景色与标签内容过于接近且颜色区分会受主题影响，导致分组边界仍不够清晰,查看包含多个分组和标签的垂直标签栏，尤其是在标签组颜色与编辑器或标签颜色接近时,影响大量标签场景下识别分组范围和标签归属的效率,2026/7/25,移除自定义背景遮罩；标签组名称和展开箭头使用 VS Code 主题强调色并增加分隔线；标签组名称居中显示，通过布局位置进一步区别于普通标签；高对比度主题使用原生对比边框
2026/7/25,显示与视觉,bug,标签组关闭按钮,,,是,1,是,标签组关闭按钮在非悬停状态下仍一直显示,查看垂直标签栏中的任意可见标签组且鼠标未悬停在组头时,影响标签组与普通标签关闭入口的悬停交互一致性,2026/7/25,标签组操作列默认透明且不接收鼠标事件；鼠标悬停组头时恢复显示和交互并保留固定占位避免布局跳动
2026/7/25,显示与视觉,bug,垂直标签栏滚动条,,,是,0,是,垂直标签栏右侧显示纵向滚动条,打开标签数量超出垂直标签栏可视高度时,影响标签栏视觉简洁性,2026/7/25,隐藏 Chromium/WebKit 与标准滚动条外观并保留滚轮、触控板和程序定位滚动能力
2026/7/25,快捷键,bug,快捷键连续切换性能,,,是,高,是,按住或快速连续触发标签切换快捷键时切换卡顿且中间标签会被逐个加载,连续执行组内或跨组的上一个和下一个标签命令,影响大量标签场景下的键盘导航流畅度并产生重复快照刷新和编辑器激活,2026/7/25,快捷键导航改为即时更新候选高亮并在停止触发 160ms 后只提交最终标签；复用同步快照、串行化实际激活，并在外部状态变化时取消过期候选
2026/7/25,分组管理,bug,分组展开折叠/滚动位置,,,是,1,是,大量标签下展开或折叠分组时列表会跳动且鼠标下变成其它标签或分组,打开约50个或更多标签并将列表滚动到中部或底部后点击分组标题展开或折叠,影响大量标签场景下连续整理分组和鼠标操作稳定性,2026/7/25,标签树改为离屏构建后原子替换并按交互分组标题恢复滚动锚点；列表变短且滚动范围不足时添加最小透明尾部补偿，滚回真实内容范围后自动移除；0.22.5 npm run verify 已通过
2026/7/25,侧边栏,bug,侧边栏启动器 Show/Hide 国际化,,,是,中,是,侧边栏启动器的 Show 和 Hide 按钮未跟随 VS Code 显示语言,使用非英语界面打开或关闭 Vertical Tabs 启动器,影响侧边栏启动器语言一致性,2026/7/25,使用 package.nls 清单本地化并覆盖扩展支持的全部十种界面语言；展开按钮和标题栏提示共用对应翻译
2026/7/25,侧边栏,bug,侧边栏启动器高度,,,是,中,是,侧边栏启动器只有一个开关按钮时仍占用较高的视图正文空间,将 Vertical Tabs 启动器放入资源管理器并与打开的编辑器等视图共存,挤占其它侧边栏视图的可用高度,2026/7/25,首次标题栏眼睛图标方案仅在视图展开后显示，无法解决折叠状态下一键操作；改为右侧状态栏常驻 Toggle 图标并根据显示状态和左右位置切换图标
